ID,education,experience,skills
16852973,,,
22323967,,,
33176873,,,
27018550,,,
17812897,,,
11592605,,,
25824789,,,
15375009,,,
11847784,,,
32896934,,,
29149998,,,
11480899,,,
23155093,,,
11763983,,,
27490876,,,
32977530,,,
93002334,,,
24184357,,,
73077810,,,
13879043,,,
30163002,,,
18827609,,,
25676643,,,
12786012,,,
87968870,,,
46258701,,,
14225422,,,
29297973,,,
18334783,,,
19717385,,,
49937469,,,
18316239,,,
17855844,,,
57667857,,,
17422560,,,
32947778,,,
23914451,,,
21265194,,,
51769822,,,
19616406,,,
41523474,,,
59962788,,,
86184722,,,
28419173,,,
18155310,,,
26780935,,,
34554248,,,
26202430,,,
19867922,,,
91930382,,,
30646367,,,
39650734,,,
72231872,,,
13520837,,,
18422164,,,
30862904,,,
52979663,,,
28828844,,,
21830565,,,
27523575,,,
39081840,,,
20925036,,,
15576950,,,
29564653,,,
14886205,,,
17412079,,,
16861758,,,
93112113,,,
15041689,,,
80162314,,,
20993320,,,
14640322,,,
26289308,,,
23408537,,,
28808263,,,
18084150,,,
26671167,,,
44476983,,,
16877897,,,
29091445,,,
25724495,,,
24508725,,,
11698189,,,
27165830,,,
47470864,,,
34740556,,,
18557164,,,
19179079,,,
13376919,,,
26048718,,,
17150707,,,
18297650,,,
23510685,,,
39970711,,,
20806155,,,
28640735,,,
15575117,,,
27496514,,,
14256329,,,
19336728,,,
10694288,,,
28175164,,,
10399912,,,
20417897,,,
18731098,,,
30563572,,,
24402267,,,
32308556,,,
27847081,,,
25150191,,,
37058472,,,
68240723,,,
76010167,,,
19164410,,,
29147100,,,
25061645,,,
11919526,,,
81011612,,,
11722421,,,
13774329,,,
35990852,,,
36269672,,,
90066849,,,
27529455,,,
85101052,,,
22567495,,,
10751444,,,
11807040,,,
12415691,,,
38565119,,,
21705160,,,
26496059,,,
29524570,,,
15936656,,,
13557622,,,
41506705,,,
32954522,,,
44185767,,,
14014749,,,
34349255,,,
16288901,,,
25422388,,,
22496394,,,
38744475,,,
67582956,,,
26676567,,,
14724186,,,
10748989,,,
26924514,,,
12674307,,,
23951429,,,
26046064,,,
28326441,,,
78149576,,,
17555081,,,
39776400,,,
37263609,,,
13518263,,,
11155153,,,
54201930,,,
10466583,,,
26790545,,,
11958994,,,
30968749,,,
20932019,,,
51681660,,,
34657584,,,
15471999,,,
18979238,,,
26622051,,,
22675694,,,
25023614,,,
20390397,,,
17199951,,,
14743911,,,
24455357,,,
91153752,,,
14528265,,,
18460045,,,
20986595,,,
20748926,,,
32532982,,,
34317538,,,
19195747,,,
12547982,,,
94417768,,,
24655918,,,
27497542,,,
62312955,,,
22506245,,,
28663949,,,
39434376,,,
13998435,,,
30965258,,,
18835363,,,
26503829,,,
18198627,,,
39252859,,,
34051710,,,
37664296,,,
21916744,,,
15425154,,,
24285142,,,
24583187,,,
29865476,,,
25949631,,,
21283733,,,
51018476,,,
13014900,,,
44145704,,,
18795567,,,
42384185,,,
26942552,,,
67645662,,,
34511655,,,
37695494,,,
93301686,,,
36856210,,,
21780877,,,
33241454,,,
25990239,,,
16899268,,,
91635250,,,
19796840,,,
15651486,,,
52246737,,,
12045067,,,
13836471,,,
14789139,,,
36434348,,,
27536013,,,
18301617,,,
24913648,,,
26801767,,,
27372171,,,
91697974,,,
28672970,,,
66832845,,,
25207620,,,
41344156,,,
68460556,,,
10247517,,,
25959103,,,
13385306,,,
38753827,,,
17681064,,,
25905275,,,
11580408,,,
19201175,,,
12635195,,,
32959732,,,
17688766,,,
20024870,,,
22450718,,,
46260230,,,
10839851,,,
18752129,,,
37764298,,,
90867631,,,
17641670,,,
24889109,,,
24083609,,,
24038620,,,
29051656,,,
20237244,,,
20001721,,,
92069209,,,
13405733,,,
28697203,,,
28035460,,,
21283365,,,
17987433,,,
10553553,,,
15118506,,,
18176523,,,
24020470,,,
70089206,,,
27770859,,,
57002858,,,
13477922,,,
28126340,,,
37242217,,,
10089434,,,
11957080,,,
35325329,,,
10840430,,,
64017585,,,
19850482,,,
52618188,,,
28897981,,,
51639418,,,
20674668,,,
23527321,,,
18159866,,,
22776912,,,
23864648,,,
18187364,,,
83816738,,,
20824105,,,
33381211,,,
16533554,,,
20879311,,,
31111279,,,
17111768,,,
11584809,,,
20408458,,,
91121135,,,
24230851,,,
40018190,,,
16186411,,,
29975124,,,
26746496,,,
89413122,,,
12334140,,,
10641230,,,
10265057,,,
30223363,,,
15791766,,,
29075857,,,
12763627,,,
39718499,,,
27058381,,,
25857360,,,
26768723,,,
31243710,,,
15297298,,,
27295996,,,
39413067,,,
48037995,,,
15802627,,,
51363762,,,
18067556,,,
27485716,,,
26480367,,,
81761658,,,
79541391,,,
23666211,,,
12467531,,,
19918523,,,
62184086,,,
28063132,,,
29797594,,,
22408666,,,
13087952,,,
15850434,,,
28772892,,,
33704389,,,
16210888,,,
38750659,,,
90363254,,,
66906212,,,
34745915,,,
34689720,,,
48547319,,,
19464810,,,
28086303,,,
13855004,,,
35421497,,,
69005326,,,
18001081,,,
14958913,,,
13296856,,,
63391085,,,
23939133,,,
96547039,,,
22807104,,,
23628651,,,
29486525,,,
22510753,,,
21773106,,,
34465087,,,
24791126,,,
15899269,,,
37402097,,,
36206485,,,
36569713,,,
28013287,,,
29267293,,,
45286020,,,
13330982,,,
22551979,,,
29639533,,,
49285644,,,
16270906,,,
27531694,,,
74816727,,,
23398843,,,
31552617,,,
19556300,,,
66683238,,,
17311685,,,
17481570,,,
22884757,,,
58708773,,,
10527994,,,
69532425,,,
20399718,,,
19302310,,,
51209395,,,
22632070,,,
22056333,,,
11336022,,,
11616482,,,
34033933,,,
21531811,,,
20626794,,,
58665241,,,
37660306,,,
13583538,,,
20230207,,,
28642819,,,
16820422,,,
29930479,,,
25588694,,,
86597425,,,
10909720,,,
28933005,,,
53129155,,,
11943065,,,
45987048,,,
99244405,,,
32067700,,,
27126818,,,
19786924,,,
70892619,,,
25729119,,,
58105060,,,
12587973,,,
21611212,,,
21550454,,,
86322251,,,
22968380,,,
10504237,,,
24240349,,,
20478831,,,
79663360,,,
76196367,,,
27524018,,,
27798860,,,
14445309,,,
35474904,,,
37348041,,,
89508407,,,
25873425,,,
31040875,,,
11188218,,,
73448369,,,
42164460,,,
18725071,,,
28974459,,,
38291889,,,
12171093,,,
13967854,,,
90468982,,,
49475708,,,
54067174,,,
49486820,,,
38860712,,,
16332348,,,
34970271,,,
14064815,,,
12544735,,,
20138606,,,
36694627,,,
29926588,,,
28206098,,,
20765795,,,
20272792,,,
20324037,,,
53169257,,,
24588864,,,
11963737,,,
13593241,,,
22391901,,,
10344379,,,
74126637,,,
26071861,,,
24410405,,,
14146106,,,
74191424,,,
10186968,,,
20400279,,,
23427369,,,
95714702,,,
18997135,,,
11773767,,,
78538268,,,
13909762,,,
20604208,,,
72652441,,,
24754689,,,
75057933,,,
19063156,,,
91051945,,,
14176254,,,
22259475,,,
37560528,,,
23577836,,,
36392131,,,
32965335,,,
21614256,,,
97405769,,,
95970987,,,
17021141,,,
15337481,,,
75950464,,,
19518606,,,
15727656,,,
31242382,,,
29173771,,,
19108760,,,
14708590,,,
77439230,,,
40088790,,,
22042181,,,
29415426,,,
37333719,,,
15313140,,,
13072354,,,
20544228,,,
30741799,,,
17847636,,,
80503242,,,
26456474,,,
10818478,,,
24124250,,,
37640804,,,
27182111,,,
11174187,,,
47133747,,,
10659182,,,
35344611,,,
13342150,,,
28111403,,,
34327438,,,
15958967,,,
13115648,,,
46772262,,,
38059130,,,
24695561,,,
93512385,,,
38698573,,,
18090899,,,
23804341,,,
29177904,,,
17911230,,,
19926135,,,
44115326,,,
75435017,,,
19234823,,,
13809698,,,
17254634,,,
28871170,,,
24946537,,,
28635795,,,
24763208,,,
17165107,,,
65708020,,,
36805025,,,
13080868,,,
20748929,,,
26581830,,,
38688388,,,
25397102,,,
12059198,,,
10228751,,,
61677751,,,
20553895,,,
18757174,,,
14726000,,,
29208172,,,
40792022,,,
17095812,,,
27850777,,,
90629382,,,
34797369,,,
98379112,,,
37521676,,,
10501991,,,
18293620,,,
19557384,,,
15423153,,,
20357858,,,
12546838,,,
24647386,,,
23568641,,,
22423839,,,
19738730,,,
32531824,,,
34046031,,,
14825300,,,
37391947,,,
26896699,,,
11289482,,,
29908929,,,
10704573,,,
14990354,,,
24964303,,,
82118447,,,
18236085,,,
29825044,,,
77576845,,,
39237915,,,
28916894,,,
26278597,,,
80275976,,,
11088337,,,
23396633,,,
12814706,,,
39875803,,,
30938994,,,
16694152,,,
15233524,,,
81310245,,,
22025574,,,
13888506,,,
79759716,,,
10541358,,,
31638814,,,
25370801,,,
27796199,,,
10289113,,,
27219200,,,
10235211,,,
14287992,,,
47067533,,,
14241621,,,
27213082,,,
31813535,,,
17115815,,,
20317319,,,
38007664,,,
24412546,,,
29014805,,,
12377803,,,
32385553,,,
13199813,,,
11551946,,,
22765255,,,
20427934,,,
35673335,,,
16846478,,,
89197180,,,
36574147,,,
27004930,,,
12230301,,,
59696315,,,
20633855,,,
18311419,,,
16091352,,,
27375577,,,
25813953,,,
76916835,,,
17730889,,,
67501448,,,
17421910,,,
12632728,,,
91467795,,,
13574264,,,
27139412,,,
14070138,,,
15811992,,,
14871762,,,
17597372,,,
18937778,,,
14861855,,,
36170003,,,
27937592,,,
16519708,,,
17602815,,,
28337049,,,
33424600,,,
32042584,,,
14752209,,,
31273310,,,
14055971,,,
95382114,,,
23617240,,,
23138078,,,
51777546,,,
69199666,,,
93988900,,,
41910253,,,
28670024,,,
36625776,,,
96260484,,,
11378657,,,
34962725,,,
18365443,,,
26125407,,,
54934269,,,
37374340,,,
25328428,,,
56520872,,,
23944036,,,
19090468,,,
16132195,,,
27030979,,,
17960690,,,
17624934,,,
22008817,,,
20835760,,,
87520378,,,
58879993,,,
64471954,,,
18714571,,,
20748468,,,
98300955,,,
11653906,,,
10466208,,,
13352113,,,
20110597,,,
20211577,,,
12315079,,,
10480456,,,
75297735,,,
49325370,,,
21866029,,,
14667957,,,
10062724,,,
43994605,,,
23814777,,,
28745844,,,
17864043,,,
16121387,,,
10076271,,,
80876647,,,
36861863,,,
24025053,,,
17545780,,,
95011061,,,
13565152,,,
75744306,,,
26908066,,,
11704150,,,
27917969,,,
12613221,,,
15680735,,,
13575312,,,
15636923,,,
14062078,,,
37001381,,,
32219038,,,
10251432,,,
28423028,,,
46349752,,,
26958533,,,
23110214,,,
17963031,,,
60624892,,,
23918545,,,
20172393,,,
39082090,,,
98309114,,,
16702198,,,
45907524,,,
12333703,,,
15499825,,,
85417107,,,
33750209,,,
24548333,,,
16356151,,,
20736486,,,
18784594,,,
85421438,,,
33803142,,,
47996197,,,
11605833,,,
25451319,,,
91478356,,,
29134372,,,
35579812,,,
12938200,,,
31926950,,,
32563518,,,
29992154,,,
25974844,,,
18129173,,,
26585242,,,
26695839,,,
10568183,,,
24550866,,,
34594746,,,
25834360,,,
27090089,,,
35422305,,,
18484846,,,
18949843,,,
17539842,,,
36868767,,,
97169343,,,
31395710,,,
17576030,,,
24444525,,,
10268614,,,
29792535,,,
15932017,,,
23063986,,,
10816645,,,
11522068,,,
10568350,,,
18767449,,,
20457611,,,
54259150,,,
67032711,,,
12019284,,,
38650096,,,
32651555,,,
55746506,,,
10235429,,,
30757456,,,
19037403,,,
32636041,,,
27974588,,,
24251588,,,
97123005,,,
38642923,,,
39805617,,,
20565486,,,
28669770,,,
17660419,,,
22855060,,,
17163375,,,
35302620,,,
19599699,,,
17286050,,,
15293959,,,
10428916,,,
52684666,,,
19774173,,,
23011221,,,
13367322,,,
16038911,,,
30990885,,,
12923795,,,
20279756,,,
25838512,,,
17431847,,,
28321954,,,
11332602,,,
17166018,,,
29573698,,,
95769832,,,
89858892,,,
22488036,,,
22093368,,,
31042953,,,
24994145,,,
56286525,,,
32517106,,,
38108845,,,
28172023,,,
45656814,,,
24767027,,,
25507648,,,
17915015,,,
36139251,,,
16474898,,,
25482567,,,
29165698,,,
27084878,,,
26459032,,,
70603826,,,
95085510,,,
21238396,,,
20255404,,,
69666645,,,
19938081,,,
12092347,,,
62870550,,,
76530505,,,
10333051,,,
29319314,,,
77266989,,,
59487170,,,
24219583,,,
27397245,,,
29425788,,,
11130200,,,
10969918,,,
21178545,,,
12938389,,,
57575888,,,
37087824,,,
21122155,,,
24708621,,,
27903191,,,
24905947,,,
75156649,,,
96761538,,,
19975121,,,
12695799,,,
14515954,,,
13675377,,,
34151183,,,
16605352,,,
34792238,,,
23004695,,,
35164503,,,
63282405,,,
31556198,,,
12791244,,,
14107571,,,
17658471,,,
80000092,,,
13037145,,,
23477199,,,
29306433,,,
90365216,,,
54246169,,,
28165687,,,
21134923,,,
37292350,,,
84512719,,,
21868149,,,
37201447,,,
29897742,,,
55500538,,,
15053703,,,
15603319,,,
69336473,,,
18242317,,,
30437583,,,
14140903,,,
17312146,,,
29746235,,,
62994611,,,
38216888,,,
19851252,,,
11813872,,,
16849128,,,
23631188,,,
24001783,,,
12341902,,,
11197262,,,
10953078,,,
69859102,,,
40882926,,,
16653657,,,
24397882,,,
16172429,,,
36102323,,,
81042872,,,
19532392,,,
34141299,,,
89740812,,,
20969119,,,
27689009,,,
29510501,,,
17640785,,,
29968330,,,
28733974,,,
15546686,,,
56068028,,,
24068423,,,
12674256,,,
27888251,,,
16507693,,,
55712978,,,
26835781,,,
26921245,,,
20006992,,,
11676151,,,
24416961,,,
69360287,,,
18264694,,,
16661264,,,
26070334,,,
29142288,,,
28247753,,,
79536879,,,
17499196,,,
79261033,,,
16492045,,,
18589927,,,
23933031,,,
13964744,,,
89512321,,,
30709029,,,
11183737,,,
63158213,,,
24727739,,,
15145575,,,
69097572,,,
31064969,,,
38707449,,,
57706851,,,
41152404,,,
27710853,,,
15573418,,,
26829350,,,
95625660,,,
19362586,,,
45077654,,,
87118391,,,
33578873,,,
27607632,,,
23760084,,,
30083943,,,
20552814,,,
40987524,,,
29134721,,,
18062906,,,
29399491,,,
19473948,,,
71772815,,,
15765660,,,
29184740,,,
17781039,,,
19147947,,,
18328743,,,
37540732,,,
30608780,,,
15918496,,,
16223371,,,
79376680,,,
36904300,,,
10724818,,,
26994282,,,
20819838,,,
16511249,,,
36074301,,,
27624540,,,
20423658,,,
98509238,,,
25810233,,,
15273850,,,
26932091,,,
13812481,,,
55477468,,,
15973307,,,
22047665,,,
69155584,,,
30529547,,,
23296286,,,
10603337,,,
22319662,,,
15581242,,,
90682785,,,
98108571,,,
12351749,,,
39581020,,,
14267489,,,
25839123,,,
31454430,,,
18368613,,,
51349448,,,
17509935,,,
21595057,,,
12696104,,,
34303500,,,
10898339,,,
25315791,,,
36621169,,,
17378327,,,
33236701,,,
29211919,,,
16121015,,,
19582792,,,
13348915,,,
59422148,,,
10138632,,,
29805310,,,
26425074,,,
10464113,,,
54101961,,,
92200491,,,
26530696,,,
29332616,,,
42304307,,,
12820557,,,
13178604,,,
23929500,,,
37360517,,,
28377361,,,
18171955,,,
12082377,,,
28198029,,,
28867567,,,
19147494,,,
14358578,,,
37735467,,,
65456466,,,
32140087,,,
17704246,,,
58428843,,,
70528646,,,
23032182,,,
36970996,,,
13637605,,,
55097118,,,
24610685,,,
38087844,,,
28139742,,,
17410700,,,
20141807,,,
16280971,,,
34131484,,,
18885231,,,
15620421,,,
31199035,,,
85918100,,,
14381464,,,
23782450,,,
37792474,,,
29928796,,,
55104715,,,
27233183,,,
29815762,,,
19156751,,,
27096471,,,
43311839,,,
15119529,,,
88907739,,,
31395742,,,
93349646,,,
25694422,,,
26291616,,,
11020140,,,
93459677,,,
18079050,,,
25213006,,,
14517953,,,
39308779,,,
51724595,,,
22259768,,,
10332998,,,
24643412,,,
69181350,,,
18856440,,,
15433732,,,
15281412,,,
15699744,,,
28951817,,,
38165833,,,
13586069,,,
30083884,,,
51432451,,,
31169070,,,
29723311,,,
22485475,,,
22556198,,,
30863060,,,
78016758,,,
12897903,,,
34875813,,,
11333660,,,
21366189,,,
32637306,,,
71888547,,,
29770086,,,
99714410,,,
39441617,,,
12374933,,,
20176584,,,
32433431,,,
88691367,,,
17025292,,,
23302948,,,
24828381,,,
38896303,,,
31217840,,,
38399177,,,
19161572,,,
29647215,,,
73075521,,,
17983957,,,
20314980,,,
21512769,,,
21568833,,,
27726066,,,
91189201,,,
95429627,,,
12526702,,,
92246939,,,
48533663,,,
38457612,,,
27788376,,,
31016926,,,
43378989,,,
13454871,,,
19936735,,,
33919379,,,
95350373,,,
15602094,,,
95792386,,,
28243590,,,
14593060,,,
13313917,,,
12251115,,,
20574232,,,
12955994,,,
16964217,,,
13215696,,,
29196643,,,
22351830,,,
11415967,,,
29297393,,,
18227306,,,
31201660,,,
25258040,,,
56792999,,,
22571461,,,
80527194,,,
37818861,,,
91116867,,,
14346702,,,
15083600,,,
63670997,,,
17307206,,,
67406885,,,
57364820,,,
79570655,,,
13569152,,,
65062795,,,
10984392,,,
49777184,,,
11835339,,,
21156767,,,
26234972,,,
15535920,,,
26919036,,,
57601040,,,
29076405,,,
26167298,,,
13837784,,,
16509761,,,
29915354,,,
82929064,,,
10515955,,,
14945250,,,
28609364,,,
19861776,,,
14036515,,,
11005406,,,
17132168,,,
15353911,,,
18501746,,,
26341987,,,
27419236,,,
13328680,,,
17584743,,,
14761906,,,
31162167,,,
15226699,,,
25525152,,,
13343786,,,
15484097,,,
25723793,,,
19444529,,,
33893326,,,
18442517,,,
40883703,,,
27981289,,,
18900722,,,
28109594,,,
31929166,,,
24574164,,,
23085604,,,
27080812,,,
14209965,,,
20330739,,,
37739183,,,
14771530,,,
62700506,,,
34319869,,,
30999638,,,
11677012,,,
18525641,,,
91539554,,,
13503650,,,
23864858,,,
24658786,,,
39166680,,,
25038571,,,
33542483,,,
58915642,,,
18927233,,,
16893572,,,
18488289,,,
31909493,,,
29002596,,,
73282756,,,
94492380,,,
18905648,,,
70196518,,,
56952849,,,
40311088,,,
19053815,,,
10005171,,,
26160200,,,
59011090,,,
34583750,,,
22380187,,,
24953921,,,
20490741,,,
21125113,,,
11270462,,,
90685127,,,
20628003,,,
30504149,,,
25706337,,,
91318828,,,
42156237,,,
80679862,,,
16276121,,,
27921561,,,
50219114,,,
30864828,,,
17562754,,,
24679149,,,
81508860,,,
28679359,,,
14556869,,,
23810469,,,
16536141,,,
12085736,,,
20210676,,,
22706174,,,
18354623,,,
17432318,,,
11797122,,,
16332293,,,
28790806,,,
91515108,,,
32109048,,,
11152490,,,
99680385,,,
15790602,,,
17510973,,,
23522150,,,
11257723,,,
14455622,,,
84295343,,,
78357954,,,
24703983,,,
47487091,,,
23009962,,,
22732234,,,
18448085,,,
11887930,,,
14508237,,,
15100547,,,
97449528,,,
26341645,,,
82140102,,,
17571262,,,
32069695,,,
22946204,,,
63989974,,,
15484011,,,
18932512,,,
15210069,,,
25047127,,,
22452756,,,
24592627,,,
51508889,,,
15180322,,,
24221960,,,
24673903,,,
19007667,,,
30311202,,,
11121498,,,
32518109,,,
26718039,,,
23568731,,,
14663897,,,
21904897,,,
23591247,,,
16594812,,,
19831366,,,
16804396,,,
92122785,,,
27831220,,,
13411858,,,
25924968,,,
34252537,,,
81373857,,,
92985983,,,
34452806,,,
21611637,,,
13095891,,,
12717345,,,
23841877,,,
23032276,,,
32605413,,,
65373280,,,
27909372,,,
47603843,,,
11444536,,,
25953797,,,
23185829,,,
21869994,,,
28424982,,,
47317494,,,
29784524,,,
10001727,,,
74522938,,,
91591026,,,
21511817,,,
35468363,,,
37231163,,,
16924102,,,
28092317,,,
16855929,,,
29211359,,,
27820360,,,
48580330,,,
29072179,,,
94047639,,,
21622444,,,
33964275,,,
21101152,,,
25128608,,,
18825446,,,
61322296,,,
20817322,,,
29449419,,,
20321582,,,
19285236,,,
13264154,,,
47729453,,,
51554903,,,
14569498,,,
22561438,,,
12420359,,,
16248476,,,
10653119,,,
11209758,,,
86551046,,,
23807940,,,
29775391,,,
53265899,,,
38309905,,,
29772450,,,
21334981,,,
10276858,,,
10588874,,,
35157762,,,
91072502,,,
13212436,,,
15261348,,,
27662298,,,
16066857,,,
30337969,,,
10333299,,,
28396528,,,
19268120,,,
20691949,,,
26189601,,,
30826569,,,
91268638,,,
18036030,,,
36366044,,,
23398733,,,
29990140,,,
30128072,,,
28176889,,,
10889157,,,
19951766,,,
57262959,,,
20033302,,,
24709432,,,
62555739,,,
31547476,,,
18480859,,,
12254068,,,
11432686,,,
25452321,,,
28230807,,,
15354126,,,
12155206,,,
27298953,,,
68338341,,,
22349169,,,
11877150,,,
86549455,,,
26530575,,,
23955183,,,
24854026,,,
48285304,,,
14722634,,,
27789372,,,
26767199,,,
15891494,,,
78229715,,,
22720697,,,
70541112,,,
20705888,,,
28522529,,,
19147603,,,
11490673,,,
84356308,,,
91564103,,,
22622351,,,
61634281,,,
24530382,,,
27018361,,,
92524964,,,
19405513,,,
17775916,,,
18975686,,,
28758002,,,
59938965,,,
28396458,,,
27914096,,,
57088974,,,
26231609,,,
20836112,,,
28398216,,,
26961846,,,
37931076,,,
16426777,,,
26750846,,,
28623782,,,
81677620,,,
14413148,,,
76454959,,,
11441764,,,
24411323,,,
33685988,,,
62850928,,,
34250007,,,
74849878,,,
25497147,,,
31948488,,,
18640927,,,
77638654,,,
38441665,,,
18072085,,,
14408510,,,
12858898,,,
24670867,,,
29648950,,,
27330027,,,
17880988,,,
15011085,,,
20977412,,,
26013403,,,
84373843,,,
21912637,,,
14181049,,,
29998869,,,
18024825,,,
28973180,,,
23573064,,,
10549585,,,
23354541,,,
29494962,,,
81217013,,,
39675895,,,
12071138,,,
25330083,,,
69487178,,,
86595128,,,
74512244,,,
25678238,,,
38907798,,,
58165257,,,
93653247,,,
29612672,,,
66741193,,,
24553863,,,
16449850,,,
47410104,,,
38225199,,,
14106638,,,
19243556,,,
20880935,,,
95519832,,,
39295103,,,
25101183,,,
88038965,,,
17392859,,,
20969845,,,
20275356,,,
59818742,,,
72136463,,,
98513424,,,
15717923,,,
24833063,,,
15792052,,,
59450123,,,
24611721,,,
15224503,,,
27409087,,,
20918464,,,
19540089,,,
28724469,,,
18636651,,,
59777056,,,
22492537,,,
24967652,,,
24533931,,,
21807211,,,
71767359,,,
27694040,,,
15535408,,,
13386301,,,
27091280,,,
14413257,,,
11677077,,,
29521434,,,
50324968,,,
13764840,,,
19070271,,,
56151548,,,
16391949,,,
13418452,,,
27099856,,,
26046878,,,
35121930,,,
10182582,,,
12669075,,,
16915389,,,
12668625,,,
14698557,,,
27549075,,,
31225895,,,
15479281,,,
26691587,,,
11232471,,,
21007083,,,
20905088,,,
16723524,,,
14937492,,,
72807293,,,
30344127,,,
23719943,,,
58208591,,,
15154822,,,
46514339,,,
11409460,,,
99806115,,,
29640922,,,
12860543,,,
29764492,,,
91533580,,,
13807808,,,
16605640,,,
17714174,,,
28998957,,,
71499299,,,
30430249,,,
10876132,,,
18509268,,,
35571205,,,
23190306,,,
29028935,,,
12059610,,,
26829561,,,
78273826,,,
27176039,,,
22249155,,,
25142074,,,
19402977,,,
13858219,,,
15746146,,,
17659053,,,
26586477,,,
37750854,,,
33665485,,,
26098594,,,
91026230,,,
16985289,,,
54308684,,,
10562768,,,
41586420,,,
21570485,,,
12122372,,,
14304010,,,
36136569,,,
35603950,,,
52252936,,,
70750649,,,
43852883,,,
31761591,,,
31362807,,,
24516163,,,
20504094,,,
24989856,,,
16500168,,,
35985133,,,
22852364,,,
83566455,,,
10738095,,,
36094883,,,
19714635,,,
56025640,,,
25543217,,,
14206561,,,
15139979,,,
44624796,,,
54227873,,,
28005884,,,
82246962,,,
13149176,,,
12022566,,,
20981299,,,
25919149,,,
86828820,,,
28320387,,,
27756469,,,
14049846,,,
43752620,,,
74236636,,,
47549345,,,
28505854,,,
38535335,,,
25608963,,,
24647794,,,
16803215,,,
37335325,,,
81125166,,,
32081266,,,
25797445,,,
28831378,,,
50328713,,,
27040860,,,
21807224,,,
17926546,,,
20882041,,,
56691064,,,
64755882,,,
30097175,,,
28628090,,,
19612167,,,
21298336,,,
25930778,,,
31684925,,,
39855211,,,
12518008,,,
20566550,,,
55953734,,,
23234047,,,
38314236,,,
25425322,,,
55595908,,,
28631840,,,
23438227,,,
35737840,,,
90280583,,,
51588273,,,
15601399,,,
64468610,,,
28078163,,,
31677347,,,
28762662,,,
15858254,,,
16911115,,,
27152464,,,
35651876,,,
19124258,,,
24322804,,,
12488356,,,
26834746,,,
32985311,,,
39835894,,,
21847415,,,
30288581,,,
36149549,,,
17103000,,,
12011623,,,
12748557,,,
28923650,,,
30542184,,,
19396040,,,
35389360,,,
36517781,,,
15941675,,,
19397727,,,
47919212,,,
10712803,,,
14554542,,,
22605864,,,
49127329,,,
10219099,,,
82125182,,,
22890839,,,
17108676,,,
17488801,,,
23497307,,,
19553067,,,
11981094,,,
17043822,,,
21038022,,,
60004873,,,
38220146,,,
47276718,,,
28630325,,,
13264796,,,
96029688,,,
32802563,,,
18753367,,,
26456899,,,
10985403,,,
10030015,,,
86209934,,,
11890896,,,
10624813,,,
61579998,,,
62071407,,,
12472574,,,
31694970,,,
33685075,,,
77828437,,,
35172961,,,
21629057,,,
15906625,,,
30361788,,,
21031285,,,
25749150,,,
12338274,,,
33527446,,,
12442909,,,
37997506,,,
37370455,,,
10554236,,,
31602598,,,
19545827,,,
14470533,,,
43685045,,,
18365791,,,
14224370,,,
21794875,,,
23734441,,,
39115899,,,
23139819,,,
42487883,,,
23636277,,,
21338490,,,
14491649,,,
17407184,,,
30813919,,,
78403342,,,
20393721,,,
24817041,,,
27980446,,,
25462793,,,
29456173,,,
59403481,,,
13491889,,,
25846894,,,
53640713,,,
11163645,,,
23513618,,,
75286906,,,
20253563,,,
16237710,,,
13294301,,,
13130984,,,
25127518,,,
24799301,,,
25067742,,,
15821633,,,
15363277,,,
18132924,,,
63137898,,,
21763056,,,
20624984,,,
25935030,,,
17556527,,,
28939941,,,
28359817,,,
20345168,,,
14496667,,,
25862026,,,
23246831,,,
49204385,,,
12802330,,,
22925443,,,
28614791,,,
30304575,,,
26065877,,,
29821051,,,
29999135,,,
21853199,,,
39674178,,,
14449423,,,
25547145,,,
14055988,,,
27637576,,,
49997097,,,
27558837,,,
14126433,,,
34198885,,,
62809577,,,
12065211,,,
23416654,,,
38847011,,,
27573855,,,
15592167,,,
20082776,,,
10674770,,,
24294778,,,
11759079,,,
18669563,,,
18569929,,,
80053367,,,
87635012,,,
24703009,,,
25867805,,,
35554162,,,
13701259,,,
12202337,,,
19446337,,,
15289348,,,
28969385,,,
36425270,,,
78257294,,,
23438112,,,
98559931,,,
17306905,,,
12780508,,,
26975573,,,
28298773,,,
29050809,,,
34816637,,,
22465498,,,
24103168,,,
36024962,,,
18635654,,,
50222417,,,
23387174,,,
13072019,,,
82649935,,,
99433371,,,
10734870,,,
18472240,,,
71576860,,,
29087505,,,
22965804,,,
33141415,,,
26509539,,,
36331163,,,
25656981,,,
26091595,,,
11393213,,,
14900898,,,
25098739,,,
78114950,,,
35971546,,,
22019500,,,
12839152,,,
16353584,,,
29878348,,,
28815362,,,
15564893,,,
12491898,,,
29574501,,,
32799518,,,
28942221,,,
10176013,,,
16378091,,,
16203589,,,
63145386,,,
13907230,,,
21586858,,,
61065616,,,
19471144,,,
17342969,,,
10041713,,,
24770846,,,
24740005,,,
14585273,,,
28756444,,,
10281555,,,
48549972,,,
17252448,,,
15721849,,,
56525735,,,
51638201,,,
94503308,,,
27835351,,,
38946032,,,
39674782,,,
29193505,,,
12890045,,,
29894080,,,
32025286,,,
21567392,,,
32265203,,,
27246366,,,
27066370,,,
21363048,,,
21782152,,,
16626724,,,
25224998,,,
28803888,,,
25187733,,,
88859947,,,
17570634,,,
10149490,,,
19364677,,,
22983516,,,
31850269,,,
27243670,,,
44147689,,,
12654876,,,
49685006,,,
12212468,,,
29483501,,,
69764348,,,
18882984,,,
45475027,,,
34544955,,,
93436805,,,
39908485,,,
39566718,,,
12666174,,,
20565849,,,
12693146,,,
14849103,,,
10100240,,,
22894544,,,
19928941,,,
39027764,,,
23818675,,,
24953126,,,
22718826,,,
24361598,,,
20681037,,,
16924279,,,
30311725,,,
29061628,,,
33023370,,,
32773331,,,
10820510,,,
28949406,,,
12826414,,,
63083944,,,
22546476,,,
90032884,,,
27187994,,,
30397268,,,
78298706,,,
11650031,,,
12695537,,,
31392754,,,
23143731,,,
26130673,,,
25070914,,,
37913536,,,
14278888,,,
28831442,,,
98086373,,,
23673025,,,
10070224,,,
28290448,,,
24559558,,,
28862054,,,
14536764,,,
37087371,,,
12191094,,,
12920612,,,
14009087,,,
91197243,,,
12545844,,,
31292364,,,
11902276,,,
18436190,,,
23771896,,,
25413261,,,
49119887,,,
27000192,,,
27257013,,,
45900271,,,
22560013,,,
24977396,,,
14364597,,,
59346975,,,
11850315,,,
24710433,,,
21297828,,,
26330995,,,
30642458,,,
19503224,,,
36107065,,,
10554045,,,
29525715,,,
15917885,,,
12567516,,,
21478007,,,
24590489,,,
14667659,,,
19929506,,,
31220062,,,
26173524,,,
85973397,,,
18133495,,,
14128006,,,
16620172,,,
25001005,,,
19497420,,,
37375999,,,
11160414,,,
85766635,,,
16226743,,,
61319162,,,
38056161,,,
65237556,,,
75329822,,,
11624880,,,
31211074,,,
21669215,,,
19558834,,,
53701275,,,
22455205,,,
20966771,,,
19072267,,,
21321598,,,
11842274,,,
21549195,,,
36671891,,,
51415089,,,
28531493,,,
16103783,,,
11635137,,,
13129275,,,
20470943,,,
23015611,,,
34712719,,,
14910300,,,
21386255,,,
88651471,,,
22861181,,,
45462344,,,
24677466,,,
23602130,,,
13915715,,,
13727873,,,
93828034,,,
24491862,,,
29329075,,,
33072201,,,
23631724,,,
14611516,,,
32441790,,,
12237267,,,
42332765,,,
26127853,,,
10926726,,,
14966165,,,
22754014,,,
28975482,,,
21663616,,,
10873344,,,
41590605,,,
23048999,,,
74552449,,,
79041971,,,
77156708,,,
24580361,,,
34953092,,,
17189156,,,
19920687,,,
26579709,,,
29093426,,,
33286293,,,
29552167,,,
69243180,,,
26987539,,,
17276884,,,
22615491,,,
45167858,,,
13982572,,,
3547447,,,
98965485,,,
38897568,,,
12021752,,,
19149865,,,
29839396,,,
15856762,,,
18208580,,,
17396388,,,
28419927,,,
87867370,,,
27120528,,,
70667011,,,
36302399,,,
89049979,,,
43375498,,,
30713796,,,
18805506,,,
39247950,,,
30127072,,,
11065180,,,
11637468,,,
54421668,,,
13393401,,,
71422121,,,
18457785,,,
21856577,,,
21645690,,,
25780596,,,
34185495,,,
35483925,,,
19374660,,,
34758680,,,
21297521,,,
23323001,,,
25080805,,,
27606527,,,
33872500,,,
18172739,,,
32980197,,,
11672279,,,
33135102,,,
20850529,,,
34783330,,,
33370664,,,
17823436,,,
15553584,,,
39569771,,,
11842348,,,
36905896,,,
13173522,,,
25624652,,,
11262933,,,
10909673,,,
98348532,,,
19176318,,,
17818707,,,
17213671,,,
31025785,,,
60489316,,,
60182829,,,
21796843,,,
65864767,,,
11773925,,,
26673507,,,
72876163,,,
18824120,,,
27884470,,,
64589506,,,
29406313,,,
16300459,,,
20992320,,,
73157997,,,
28895997,,,
28051330,,,
25162378,,,
99124477,,,
17131084,,,
19437318,,,
35564026,,,
16407619,,,
10329506,,,
19911786,,,
96493528,,,
35492909,,,
25200253,,,
68781345,,,
14391434,,,
14626780,,,
28989677,,,
41651672,,,
18645964,,,
18278509,,,
18369400,,,
11266906,,,
31710562,,,
39142536,,,
21756639,,,
31273413,,,
12386670,,,
93576192,,,
15306049,,,
31114531,,,
21060367,,,
17325147,,,
23752500,,,
20149476,,,
54100393,,,
11187796,,,
39470264,,,
12413512,,,
14879257,,,
46055835,,,
33344933,,,
24983760,,,
29148871,,,
28325193,,,
15265464,,,
24349611,,,
19508520,,,
22800977,,,
36758947,,,
11555549,,,
32318506,,,
73497035,,,
12777487,,,
36379931,,,
26069113,,,
41950126,,,
20488267,,,
22593054,,,
25561640,,,
43622023,,,
18319061,,,
25923361,,,
18106533,,,
50432401,,,
19724031,,,
28471099,,,
22848179,,,
37220856,,,
78107631,,,
21867728,,,
37472265,,,
17033567,,,
19671909,,,
11995013,,,
28629430,,,
53227466,,,
26079779,,,
83338413,,,
18029935,,,
16962067,,,
14150896,,,
27936502,,,
65325317,,,
30594821,,,
27164756,,,
34146825,,,
99561379,,,
54180474,,,
37751611,,,
73030450,,,
39608848,,,
16244633,,,
10830646,,,
27024099,,,
65352424,,,
28711616,,,
39064638,,,
18586076,,,
13272204,,,
11360471,,,
18885767,,,
20698469,,,
27715131,,,
32794700,,,
23139437,,,
23917826,,,
20148147,,,
34304175,,,
26410763,,,
21809601,,,
27096796,,,
25157655,,,
25926667,,,
20356750,,,
24061629,,,
17694454,,,
99033098,,,
38115035,,,
17857644,,,
12334650,,,
36019469,,,
79432080,,,
94230796,,,
66226673,,,
83206166,,,
22182279,,,
16887936,,,
14248724,,,
69458502,,,
82738323,,,
16833515,,,
11804712,,,
21287405,,,
10176815,,,
29221006,,,
23761385,,,
38355831,,,
24773845,,,
17876954,,,
36252245,,,
32720816,,,
36727173,,,
91431878,,,
42546558,,,
87826037,,,
17483843,,,
22232367,,,
70198580,,,
67631413,,,
26819872,,,
13234267,,,
26888302,,,
13195436,,,
81588968,,,
18268860,,,
14790629,,,
12144825,,,
90318913,,,
26279402,,,
94137171,,,
27902692,,,
28186635,,,
42641525,,,
34419403,,,
43720116,,,
15618327,,,
14589288,,,
43408471,,,
38154903,,,
29167286,,,
11169163,,,
28383893,,,
20026169,,,
38047274,,,
16449694,,,
11137306,,,
19818707,,,
17274759,,,
19506295,,,
50775901,,,
22990761,,,
10945968,,,
12192507,,,
24154692,,,
23985183,,,
29161565,,,
11333001,,,
25718772,,,
65219288,,,
27502951,,,
15823995,,,
22650051,,,
24668861,,,
42427521,,,
96457008,,,
38989376,,,
13405229,,,
17686472,,,
54232810,,,
25719936,,,
68216398,,,
17983430,,,
92283635,,,
11614114,,,
61315605,,,
16850314,,,
11959428,,,
10395944,,,
10189110,,,
10567764,,,
30148777,,,
24544244,,,
19284293,,,
11752500,,,
31536294,,,
22442947,,,
27512470,,,
14874322,,,
23464505,,,
12504278,,,
58048626,,,
15684810,,,
17694572,,,
22168194,,,
29595906,,,
77626587,,,
98389424,,,
38663892,,,
17152392,,,
49646155,,,
33627938,,,
12904972,,,
12239749,,,
16279537,,,
17008356,,,
28020046,,,
25625173,,,
29534737,,,
17655479,,,
12043694,,,
99416532,,,
24589765,,,
31605080,,,
21190805,,,
37473139,,,
